{"Epoch": 14, "Tra/ Loss": 0.01388460745677728, "Tra/ acc": 0.9956280215494875, "Val/ Loss": 0.02517800065394719, "Val/ acc": 0.991449277901995, "_timestamp": 1654393024, "_runtime": 269, "_step": 14, "_wandb": {"runtime": 270}}