{"Epoch": 14, "Tra/ Loss": 0.0363162627752192, "Tra/ acc": 0.9872222248338847, "Val/ Loss": 0.049353096265026514, "Val/ acc": 0.9818840590508088, "_timestamp": 1654159827, "_runtime": 530, "_step": 14, "_wandb": {"runtime": 530}}