{"Epoch": 14, "Tra/ Loss": 1.72022070919258, "Tra/ acc": 0.9747342998566835, "Val/ Loss": 1.7249084836330966, "Val/ acc": 0.9713768121125042, "_timestamp": 1654336449, "_runtime": 475, "_step": 14, "_wandb": {"runtime": 475}}