{"Epoch": 14, "Tra/ Loss": 4.39616078224735, "Tra/ acc": 0.9017874365987409, "Val/ Loss": 4.34207987094271, "Val/ acc": 0.9169565195190734, "_timestamp": 1654335067, "_runtime": 1016, "_step": 14, "_wandb": {"runtime": 1016}}