{"team_name": "EVAL_1", "set_name": "VAL", "report_date": "05062022_20_35_10", "overall_scores": {"precision": 0.42258340461933275, "recall": 0.35437589670014347, "fmeasure (percentage)": 38.549}, "scores_per_subset": {"HV": {"precision": 0.6333333333333333, "recall": 0.475, "f-measure": 0.5428571428571428}, "PB": {"precision": 0.3170731707317073, "recall": 0.2826086956521739, "f-measure": 0.2988505747126437}}, "scores_per_audiofile": {"n1.wav": {"precision": 1e-05, "recall": 1e-05, "f-measure": 1e-05}, "a1.wav": {"precision": 0.6551724137931034, "recall": 0.8636363636363636, "f-measure": 0.7450980392156863}, "BUK4_20171022_004304a.wav": {"precision": 0.5, "recall": 0.5882352941176471, "f-measure": 0.5405405405405406}, "BUK5_20180921_015906a.wav": {"precision": 0.03571428571428571, "recall": 0.08695652173913043, "f-measure": 0.05063291139240506}, "BUK1_20181011_001004.wav": {"precision": 0.6, "recall": 0.4838709677419355, "f-measure": 0.5357142857142857}, "BUK1_20181013_023504.wav": {"precision": 0.1, "recall": 0.125, "f-measure": 0.1111111111111111}, "BUK4_20161011_000804.wav": {"precision": 0.05, "recall": 0.0425531914893617, "f-measure": 0.04597701149425287}, "BUK5_20161101_002104a.wav": {"precision": 0.9705882352941176, "recall": 0.375, "f-measure": 0.5409836065573771}}}