{"team_name": "EVAL_1", "set_name": "VAL", "report_date": "05062022_19_25_56", "overall_scores": {"precision": 0.44683026584867075, "recall": 0.2714285714285714, "fmeasure (percentage)": 33.771}, "scores_per_subset": {"HV": {"precision": 0.5757575757575758, "recall": 0.4222222222222222, "f-measure": 0.48717948717948717}, "PB": {"precision": 0.36507936507936506, "recall": 0.2, "f-measure": 0.25842696629213485}}, "scores_per_audiofile": {"n1.wav": {"precision": 1e-05, "recall": 1e-05, "f-measure": 1e-05}, "a1.wav": {"precision": 0.5757575757575758, "recall": 0.8636363636363636, "f-measure": 0.6909090909090909}, "BUK4_20171022_004304a.wav": {"precision": 0.5, "recall": 0.35294117647058826, "f-measure": 0.41379310344827586}, "BUK5_20180921_015906a.wav": {"precision": 0.07142857142857142, "recall": 0.043478260869565216, "f-measure": 0.05405405405405406}, "BUK1_20181011_001004.wav": {"precision": 0.6428571428571429, "recall": 0.2903225806451613, "f-measure": 0.4}, "BUK1_20181013_023504.wav": {"precision": 0.1, "recall": 0.125, "f-measure": 0.1111111111111111}, "BUK4_20161011_000804.wav": {"precision": 0.1, "recall": 0.06382978723404255, "f-measure": 0.07792207792207792}, "BUK5_20161101_002104a.wav": {"precision": 0.9230769230769231, "recall": 0.2727272727272727, "f-measure": 0.42105263157894735}}}