{"team_name": "EVAL_1", "set_name": "VAL", "report_date": "05062022_21_24_23", "overall_scores": {"precision": 0.1168594035301278, "recall": 0.4443361753958587, "fmeasure (percentage)": 18.505}, "scores_per_subset": {"HV": {"precision": 0.5, "recall": 0.475, "f-measure": 0.48717948717948717}, "PB": {"precision": 0.06616126809097174, "recall": 0.41739130434782606, "f-measure": 0.11421772754312909}}, "scores_per_audiofile": {"n1.wav": {"precision": 1e-05, "recall": 1e-05, "f-measure": 1e-05}, "a1.wav": {"precision": 0.5, "recall": 0.8636363636363636, "f-measure": 0.6333333333333333}, "BUK4_20171022_004304a.wav": {"precision": 0.4782608695652174, "recall": 0.6470588235294118, "f-measure": 0.55}, "BUK5_20180921_015906a.wav": {"precision": 0.0008375209380234506, "recall": 0.043478260869565216, "f-measure": 0.0016433853738701725}, "BUK1_20181011_001004.wav": {"precision": 0.4423076923076923, "recall": 0.7419354838709677, "f-measure": 0.5542168674698795}, "BUK1_20181013_023504.wav": {"precision": 0.05128205128205128, "recall": 0.08333333333333333, "f-measure": 0.06349206349206349}, "BUK4_20161011_000804.wav": {"precision": 0.04, "recall": 0.06382978723404255, "f-measure": 0.04918032786885246}, "BUK5_20161101_002104a.wav": {"precision": 0.8235294117647058, "recall": 0.6363636363636364, "f-measure": 0.717948717948718}}}