{"team_name": "EVAL_1", "set_name": "VAL", "report_date": "05062022_21_41_25", "overall_scores": {"precision": 0.5324528909647286, "recall": 0.39903439951719977, "fmeasure (percentage)": 45.619}, "scores_per_subset": {"HV": {"precision": 0.6551724137931034, "recall": 0.4222222222222222, "f-measure": 0.5135135135135135}, "PB": {"precision": 0.4484536082474227, "recall": 0.3782608695652174, "f-measure": 0.41037735849056606}}, "scores_per_audiofile": {"n1.wav": {"precision": 1e-05, "recall": 1e-05, "f-measure": 1e-05}, "a1.wav": {"precision": 0.6551724137931034, "recall": 0.8636363636363636, "f-measure": 0.7450980392156863}, "BUK4_20171022_004304a.wav": {"precision": 0.5294117647058824, "recall": 0.5294117647058824, "f-measure": 0.5294117647058824}, "BUK5_20180921_015906a.wav": {"precision": 0.047619047619047616, "recall": 0.043478260869565216, "f-measure": 0.045454545454545456}, "BUK1_20181011_001004.wav": {"precision": 0.6774193548387096, "recall": 0.6774193548387096, "f-measure": 0.6774193548387096}, "BUK1_20181013_023504.wav": {"precision": 0.038461538461538464, "recall": 0.041666666666666664, "f-measure": 0.04}, "BUK4_20161011_000804.wav": {"precision": 0.05, "recall": 0.0425531914893617, "f-measure": 0.04597701149425287}, "BUK5_20161101_002104a.wav": {"precision": 0.8983050847457628, "recall": 0.6022727272727273, "f-measure": 0.7210884353741497}}}