{"team_name": "EVAL_1", "set_name": "VAL", "report_date": "05062022_21_09_57", "overall_scores": {"precision": 0.41269841269841273, "recall": 0.3471810089020771, "fmeasure (percentage)": 37.712}, "scores_per_subset": {"HV": {"precision": 0.5, "recall": 0.45, "f-measure": 0.47368421052631576}, "PB": {"precision": 0.35135135135135137, "recall": 0.2826086956521739, "f-measure": 0.3132530120481928}}, "scores_per_audiofile": {"n1.wav": {"precision": 1e-05, "recall": 1e-05, "f-measure": 1e-05}, "a1.wav": {"precision": 0.5294117647058824, "recall": 0.8181818181818182, "f-measure": 0.6428571428571429}, "BUK4_20171022_004304a.wav": {"precision": 0.5, "recall": 0.4117647058823529, "f-measure": 0.45161290322580644}, "BUK5_20180921_015906a.wav": {"precision": 1e-05, "recall": 1e-05, "f-measure": 1e-05}, "BUK1_20181011_001004.wav": {"precision": 0.5294117647058824, "recall": 0.5806451612903226, "f-measure": 0.5538461538461539}, "BUK1_20181013_023504.wav": {"precision": 0.02040816326530612, "recall": 0.041666666666666664, "f-measure": 0.0273972602739726}, "BUK4_20161011_000804.wav": {"precision": 0.02857142857142857, "recall": 0.02127659574468085, "f-measure": 0.024390243902439025}, "BUK5_20161101_002104a.wav": {"precision": 0.9047619047619048, "recall": 0.4318181818181818, "f-measure": 0.5846153846153846}}}