{"team_name": "TESTteam", "set_name": "VAL", "report_date": "05062022_11_38_37", "overall_scores": {"precision": 0.5321663019693654, "recall": 0.350937950937951, "fmeasure (percentage)": 42.296}, "scores_per_subset": {"HV": {"precision": 0.5588235294117647, "recall": 0.475, "f-measure": 0.5135135135135135}, "PB": {"precision": 0.5079365079365079, "recall": 0.2782608695652174, "f-measure": 0.3595505617977528}}, "scores_per_audiofile": {"n1.wav": {"precision": 1e-05, "recall": 1e-05, "f-measure": 1e-05}, "a1.wav": {"precision": 0.5588235294117647, "recall": 0.8636363636363636, "f-measure": 0.6785714285714286}, "BUK4_20171022_004304a.wav": {"precision": 0.3684210526315789, "recall": 0.4117647058823529, "f-measure": 0.3888888888888889}, "BUK5_20180921_015906a.wav": {"precision": 0.21428571428571427, "recall": 0.13043478260869565, "f-measure": 0.16216216216216217}, "BUK1_20181011_001004.wav": {"precision": 0.5789473684210527, "recall": 0.3548387096774194, "f-measure": 0.44}, "BUK1_20181013_023504.wav": {"precision": 0.13333333333333333, "recall": 0.08333333333333333, "f-measure": 0.10256410256410256}, "BUK4_20161011_000804.wav": {"precision": 0.06666666666666667, "recall": 0.02127659574468085, "f-measure": 0.03225806451612903}, "BUK5_20161101_002104a.wav": {"precision": 0.9090909090909091, "recall": 0.45454545454545453, "f-measure": 0.6060606060606061}}}