{"team_name": "TESTteam", "set_name": "VAL", "report_date": "04062022_16_03_16", "overall_scores": {"precision": 0.09962417988406905, "recall": 0.2578730420445177, "fmeasure (percentage)": 14.372}, "scores_per_subset": {"HV": {"precision": 0.5862068965517241, "recall": 0.37777777777777777, "f-measure": 0.4594594594594595}, "PB": {"precision": 0.054437869822485205, "recall": 0.19574468085106383, "f-measure": 0.08518518518518518}}, "scores_per_audiofile": {"n1.wav": {"precision": 1e-05, "recall": 1e-05, "f-measure": 1e-05}, "a1.wav": {"precision": 0.5862068965517241, "recall": 0.7727272727272727, "f-measure": 0.6666666666666666}, "BUK4_20171022_004304a.wav": {"precision": 0.4, "recall": 0.5882352941176471, "f-measure": 0.47619047619047616}, "BUK5_20180921_015906a.wav": {"precision": 1e-05, "recall": 1e-05, "f-measure": 1e-05}, "BUK1_20181011_001004.wav": {"precision": 1e-05, "recall": 1e-05, "f-measure": 1e-05}, "BUK1_20181013_023504.wav": {"precision": 0.06666666666666667, "recall": 0.041666666666666664, "f-measure": 0.05128205128205128}, "BUK4_20161011_000804.wav": {"precision": 0.005284015852047556, "recall": 0.0851063829787234, "f-measure": 0.009950248756218905}, "BUK5_20161101_002104a.wav": {"precision": 0.8611111111111112, "recall": 0.3522727272727273, "f-measure": 0.5}}}