{"team_name": "TESTteam", "set_name": "VAL", "report_date": "03062022_15_25_41", "overall_scores": {"precision": 0.4596205962059621, "recall": 0.40142011834319524, "fmeasure (percentage)": 42.855}, "scores_per_subset": {"HV": {"precision": 0.6153846153846154, "recall": 0.35555555555555557, "f-measure": 0.4507042253521127}, "PB": {"precision": 0.36678200692041524, "recall": 0.4608695652173913, "f-measure": 0.40847784200385356}}, "scores_per_audiofile": {"n1.wav": {"precision": 1e-05, "recall": 1e-05, "f-measure": 1e-05}, "a1.wav": {"precision": 0.6153846153846154, "recall": 0.7272727272727273, "f-measure": 0.6666666666666666}, "BUK4_20171022_004304a.wav": {"precision": 0.56, "recall": 0.8235294117647058, "f-measure": 0.6666666666666666}, "BUK5_20180921_015906a.wav": {"precision": 1e-05, "recall": 1e-05, "f-measure": 1e-05}, "BUK1_20181011_001004.wav": {"precision": 0.3709677419354839, "recall": 0.7419354838709677, "f-measure": 0.4946236559139785}, "BUK1_20181013_023504.wav": {"precision": 0.043478260869565216, "recall": 0.08333333333333333, "f-measure": 0.05714285714285714}, "BUK4_20161011_000804.wav": {"precision": 0.0784313725490196, "recall": 0.0851063829787234, "f-measure": 0.08163265306122448}, "BUK5_20161101_002104a.wav": {"precision": 0.9692307692307692, "recall": 0.7159090909090909, "f-measure": 0.8235294117647058}}}