{"team_name": "TESTteam", "set_name": "VAL", "report_date": "05062022_12_16_04", "overall_scores": {"precision": 0.4904632152588556, "recall": 0.3592814371257485, "fmeasure (percentage)": 41.475}, "scores_per_subset": {"HV": {"precision": 0.6206896551724138, "recall": 0.4, "f-measure": 0.4864864864864865}, "PB": {"precision": 0.40540540540540543, "recall": 0.32608695652173914, "f-measure": 0.3614457831325301}}, "scores_per_audiofile": {"n1.wav": {"precision": 1e-05, "recall": 1e-05, "f-measure": 1e-05}, "a1.wav": {"precision": 0.6206896551724138, "recall": 0.8181818181818182, "f-measure": 0.7058823529411765}, "BUK4_20171022_004304a.wav": {"precision": 0.45454545454545453, "recall": 0.5882352941176471, "f-measure": 0.5128205128205128}, "BUK5_20180921_015906a.wav": {"precision": 1e-05, "recall": 1e-05, "f-measure": 1e-05}, "BUK1_20181011_001004.wav": {"precision": 0.40625, "recall": 0.41935483870967744, "f-measure": 0.4126984126984127}, "BUK1_20181013_023504.wav": {"precision": 0.07142857142857142, "recall": 0.08333333333333333, "f-measure": 0.07692307692307693}, "BUK4_20161011_000804.wav": {"precision": 0.046511627906976744, "recall": 0.0425531914893617, "f-measure": 0.044444444444444446}, "BUK5_20161101_002104a.wav": {"precision": 0.8888888888888888, "recall": 0.5454545454545454, "f-measure": 0.676056338028169}}}