{"team_name": "TESTteam", "set_name": "VAL", "report_date": "05062022_17_46_37", "overall_scores": {"precision": 0.46330434782608704, "recall": 0.35662650602409635, "fmeasure (percentage)": 40.303}, "scores_per_subset": {"HV": {"precision": 0.5806451612903226, "recall": 0.4, "f-measure": 0.47368421052631576}, "PB": {"precision": 0.3854166666666667, "recall": 0.3217391304347826, "f-measure": 0.35071090047393366}}, "scores_per_audiofile": {"n1.wav": {"precision": 1e-05, "recall": 1e-05, "f-measure": 1e-05}, "a1.wav": {"precision": 0.5806451612903226, "recall": 0.8181818181818182, "f-measure": 0.6792452830188679}, "BUK4_20171022_004304a.wav": {"precision": 0.42105263157894735, "recall": 0.47058823529411764, "f-measure": 0.4444444444444444}, "BUK5_20180921_015906a.wav": {"precision": 0.05263157894736842, "recall": 0.043478260869565216, "f-measure": 0.047619047619047616}, "BUK1_20181011_001004.wav": {"precision": 0.4666666666666667, "recall": 0.45161290322580644, "f-measure": 0.45901639344262296}, "BUK1_20181013_023504.wav": {"precision": 0.05405405405405406, "recall": 0.08333333333333333, "f-measure": 0.06557377049180328}, "BUK4_20161011_000804.wav": {"precision": 0.07894736842105263, "recall": 0.06382978723404255, "f-measure": 0.07058823529411765}, "BUK5_20161101_002104a.wav": {"precision": 0.9387755102040817, "recall": 0.5227272727272727, "f-measure": 0.6715328467153284}}}