{"team_name": "TESTteam", "set_name": "VAL", "report_date": "04062022_17_44_38", "overall_scores": {"precision": 0.11390539152186537, "recall": 0.35003431708991084, "fmeasure (percentage)": 17.188}, "scores_per_subset": {"HV": {"precision": 0.7083333333333334, "recall": 0.37777777777777777, "f-measure": 0.4927536231884058}, "PB": {"precision": 0.061932287365813375, "recall": 0.32608695652173914, "f-measure": 0.1040943789035392}}, "scores_per_audiofile": {"n1.wav": {"precision": 1e-05, "recall": 1e-05, "f-measure": 1e-05}, "a1.wav": {"precision": 0.7083333333333334, "recall": 0.7727272727272727, "f-measure": 0.7391304347826086}, "BUK4_20171022_004304a.wav": {"precision": 0.08609271523178808, "recall": 0.7647058823529411, "f-measure": 0.15476190476190477}, "BUK5_20180921_015906a.wav": {"precision": 0.0625, "recall": 0.043478260869565216, "f-measure": 0.05128205128205128}, "BUK1_20181011_001004.wav": {"precision": 0.5, "recall": 0.03225806451612903, "f-measure": 0.06060606060606061}, "BUK1_20181013_023504.wav": {"precision": 0.05128205128205128, "recall": 0.08333333333333333, "f-measure": 0.06349206349206349}, "BUK4_20161011_000804.wav": {"precision": 0.003215434083601286, "recall": 0.06382978723404255, "f-measure": 0.006122448979591836}, "BUK5_20161101_002104a.wav": {"precision": 0.7857142857142857, "recall": 0.625, "f-measure": 0.6962025316455697}}}