{"team_name": "TESTteam", "set_name": "VAL", "report_date": "04062022_18_02_41", "overall_scores": {"precision": 0.1376688755329532, "recall": 0.3681318681318681, "fmeasure (percentage)": 20.04}, "scores_per_subset": {"HV": {"precision": 0.4878048780487805, "recall": 0.5, "f-measure": 0.49382716049382713}, "PB": {"precision": 0.08014354066985646, "recall": 0.29130434782608694, "f-measure": 0.12570356472795496}}, "scores_per_audiofile": {"n1.wav": {"precision": 1e-05, "recall": 1e-05, "f-measure": 1e-05}, "a1.wav": {"precision": 0.4878048780487805, "recall": 0.9090909090909091, "f-measure": 0.6349206349206349}, "BUK4_20171022_004304a.wav": {"precision": 0.4, "recall": 0.5882352941176471, "f-measure": 0.47619047619047616}, "BUK5_20180921_015906a.wav": {"precision": 0.007352941176470588, "recall": 0.17391304347826086, "f-measure": 0.014109347442680775}, "BUK1_20181011_001004.wav": {"precision": 0.36363636363636365, "recall": 0.5161290322580645, "f-measure": 0.4266666666666667}, "BUK1_20181013_023504.wav": {"precision": 0.009345794392523364, "recall": 0.041666666666666664, "f-measure": 0.015267175572519083}, "BUK4_20161011_000804.wav": {"precision": 0.015625, "recall": 0.02127659574468085, "f-measure": 0.018018018018018018}, "BUK5_20161101_002104a.wav": {"precision": 0.6730769230769231, "recall": 0.3977272727272727, "f-measure": 0.5}}}