{"team_name": "TESTteam", "set_name": "VAL", "report_date": "05062022_10_15_09", "overall_scores": {"precision": 0.16320818453817199, "recall": 0.42648171500630516, "fmeasure (percentage)": 23.607}, "scores_per_subset": {"HV": {"precision": 0.5277777777777778, "recall": 0.475, "f-measure": 0.5}, "PB": {"precision": 0.09652928416485901, "recall": 0.3869565217391304, "f-measure": 0.1545138888888889}}, "scores_per_audiofile": {"n1.wav": {"precision": 1e-05, "recall": 1e-05, "f-measure": 1e-05}, "a1.wav": {"precision": 0.5277777777777778, "recall": 0.8636363636363636, "f-measure": 0.6551724137931034}, "BUK4_20171022_004304a.wav": {"precision": 0.42105263157894735, "recall": 0.47058823529411764, "f-measure": 0.4444444444444444}, "BUK5_20180921_015906a.wav": {"precision": 0.001564945226917058, "recall": 0.043478260869565216, "f-measure": 0.0030211480362537764}, "BUK1_20181011_001004.wav": {"precision": 0.29577464788732394, "recall": 0.6774193548387096, "f-measure": 0.4117647058823529}, "BUK1_20181013_023504.wav": {"precision": 0.016129032258064516, "recall": 0.041666666666666664, "f-measure": 0.023255813953488372}, "BUK4_20161011_000804.wav": {"precision": 0.043478260869565216, "recall": 0.06382978723404255, "f-measure": 0.05172413793103448}, "BUK5_20161101_002104a.wav": {"precision": 0.8870967741935484, "recall": 0.625, "f-measure": 0.7333333333333333}}}