{"Epoch": 14, "Tra/ Loss": 0.13124519596517464, "Tra/ acc": 0.9566425131138973, "Val/ Loss": 0.10503947784570261, "Val/ acc": 0.9668840582388035, "_timestamp": 1654412361, "_runtime": 867, "_step": 14, "_wandb": {"runtime": 864}}