{"Epoch": 14, "Tra/ Loss": 0.09307337218374216, "Tra/ acc": 0.9662077301654263, "Val/ Loss": 0.06643387935290103, "Val/ acc": 0.9777536234561948, "_timestamp": 1654232910, "_runtime": 1200, "_step": 14, "_wandb": {"runtime": 1196}}