{"Epoch": 14, "Tra/ Loss": 0.032679844736170104, "Tra/ acc": 0.9888164266440027, "Val/ Loss": 0.048079757848545734, "Val/ acc": 0.9825362336376439, "_timestamp": 1654226469, "_runtime": 515, "_step": 14, "_wandb": {"runtime": 511}}