{"Epoch": 14, "Tra/ Loss": 0.10979865045208824, "Tra/ acc": 0.9584782607313516, "Val/ Loss": 0.08291760987271962, "Val/ acc": 0.9697101463874181, "_timestamp": 1654392165, "_runtime": 714, "_step": 14, "_wandb": {"runtime": 715}}