{"Epoch": 14, "Tra/ Loss": 0.10866053268855555, "Tra/ acc": 0.9590579717631501, "Val/ Loss": 0.08589009162332714, "Val/ acc": 0.96768116151941, "_timestamp": 1654310493, "_runtime": 1230, "_step": 14, "_wandb": {"runtime": 1229}}