{"team_name": "TESTteam", "set_name": "VAL", "report_date": "03062022_11_41_21", "overall_scores": {"precision": 0.5588235294117647, "recall": 0.3157593123209169, "fmeasure (percentage)": 40.352}, "scores_per_subset": {"HV": {"precision": 0.6333333333333333, "recall": 0.4222222222222222, "f-measure": 0.5066666666666667}, "PB": {"precision": 0.5, "recall": 0.25217391304347825, "f-measure": 0.3352601156069364}}, "scores_per_audiofile": {"n1.wav": {"precision": 1e-05, "recall": 1e-05, "f-measure": 1e-05}, "a1.wav": {"precision": 0.6333333333333333, "recall": 0.8636363636363636, "f-measure": 0.7307692307692307}, "BUK4_20171022_004304a.wav": {"precision": 0.47058823529411764, "recall": 0.47058823529411764, "f-measure": 0.47058823529411764}, "BUK5_20180921_015906a.wav": {"precision": 0.16666666666666666, "recall": 0.08695652173913043, "f-measure": 0.11428571428571428}, "BUK1_20181011_001004.wav": {"precision": 0.6666666666666666, "recall": 0.45161290322580644, "f-measure": 0.5384615384615384}, "BUK1_20181013_023504.wav": {"precision": 0.16666666666666666, "recall": 0.125, "f-measure": 0.14285714285714285}, "BUK4_20161011_000804.wav": {"precision": 0.11764705882352941, "recall": 0.0425531914893617, "f-measure": 0.0625}, "BUK5_20161101_002104a.wav": {"precision": 0.9354838709677419, "recall": 0.32954545454545453, "f-measure": 0.48739495798319327}}}