{"team_name": "TESTteam", "set_name": "VAL", "report_date": "05062022_10_09_03", "overall_scores": {"precision": 0.15502478593961244, "recall": 0.4061393152302244, "fmeasure (percentage)": 22.44}, "scores_per_subset": {"HV": {"precision": 0.5714285714285714, "recall": 0.4444444444444444, "f-measure": 0.5}, "PB": {"precision": 0.08967674661105318, "recall": 0.3739130434782609, "f-measure": 0.14465937762825903}}, "scores_per_audiofile": {"n1.wav": {"precision": 1e-05, "recall": 1e-05, "f-measure": 1e-05}, "a1.wav": {"precision": 0.5714285714285714, "recall": 0.9090909090909091, "f-measure": 0.7017543859649122}, "BUK4_20171022_004304a.wav": {"precision": 0.4444444444444444, "recall": 0.47058823529411764, "f-measure": 0.45714285714285713}, "BUK5_20180921_015906a.wav": {"precision": 1e-05, "recall": 1e-05, "f-measure": 1e-05}, "BUK1_20181011_001004.wav": {"precision": 0.2625, "recall": 0.6774193548387096, "f-measure": 0.3783783783783784}, "BUK1_20181013_023504.wav": {"precision": 0.01639344262295082, "recall": 0.041666666666666664, "f-measure": 0.023529411764705882}, "BUK4_20161011_000804.wav": {"precision": 0.043478260869565216, "recall": 0.06382978723404255, "f-measure": 0.05172413793103448}, "BUK5_20161101_002104a.wav": {"precision": 0.8153846153846154, "recall": 0.6022727272727273, "f-measure": 0.6928104575163399}}}