{"team_name": "TESTteam", "set_name": "VAL", "report_date": "05062022_10_01_40", "overall_scores": {"precision": 0.1609020410105143, "recall": 0.40382089552238803, "fmeasure (percentage)": 23.011}, "scores_per_subset": {"HV": {"precision": 0.5588235294117647, "recall": 0.4222222222222222, "f-measure": 0.4810126582278481}, "PB": {"precision": 0.09398099260823653, "recall": 0.3869565217391304, "f-measure": 0.15123194562446898}}, "scores_per_audiofile": {"n1.wav": {"precision": 1e-05, "recall": 1e-05, "f-measure": 1e-05}, "a1.wav": {"precision": 0.5588235294117647, "recall": 0.8636363636363636, "f-measure": 0.6785714285714286}, "BUK4_20171022_004304a.wav": {"precision": 0.5, "recall": 0.5882352941176471, "f-measure": 0.5405405405405406}, "BUK5_20180921_015906a.wav": {"precision": 1e-05, "recall": 1e-05, "f-measure": 1e-05}, "BUK1_20181011_001004.wav": {"precision": 0.2972972972972973, "recall": 0.7096774193548387, "f-measure": 0.41904761904761906}, "BUK1_20181013_023504.wav": {"precision": 0.016129032258064516, "recall": 0.041666666666666664, "f-measure": 0.023255813953488372}, "BUK4_20161011_000804.wav": {"precision": 0.043478260869565216, "recall": 0.06382978723404255, "f-measure": 0.05172413793103448}, "BUK5_20161101_002104a.wav": {"precision": 0.8833333333333333, "recall": 0.6022727272727273, "f-measure": 0.7162162162162162}}}