{"team_name": "TESTteam", "set_name": "VAL", "report_date": "05062022_09_30_57", "overall_scores": {"precision": 0.4427256967595679, "recall": 0.4191919191919192, "fmeasure (percentage)": 43.064}, "scores_per_subset": {"HV": {"precision": 0.6060606060606061, "recall": 0.5, "f-measure": 0.547945205479452}, "PB": {"precision": 0.3487394957983193, "recall": 0.36086956521739133, "f-measure": 0.3547008547008547}}, "scores_per_audiofile": {"n1.wav": {"precision": 1e-05, "recall": 1e-05, "f-measure": 1e-05}, "a1.wav": {"precision": 0.6060606060606061, "recall": 0.9090909090909091, "f-measure": 0.7272727272727273}, "BUK4_20171022_004304a.wav": {"precision": 0.47058823529411764, "recall": 0.47058823529411764, "f-measure": 0.47058823529411764}, "BUK5_20180921_015906a.wav": {"precision": 1e-05, "recall": 1e-05, "f-measure": 1e-05}, "BUK1_20181011_001004.wav": {"precision": 0.4878048780487805, "recall": 0.6451612903225806, "f-measure": 0.5555555555555556}, "BUK1_20181013_023504.wav": {"precision": 0.03333333333333333, "recall": 0.08333333333333333, "f-measure": 0.047619047619047616}, "BUK4_20161011_000804.wav": {"precision": 0.07272727272727272, "recall": 0.0851063829787234, "f-measure": 0.0784313725490196}, "BUK5_20161101_002104a.wav": {"precision": 0.9245283018867925, "recall": 0.5568181818181818, "f-measure": 0.6950354609929078}}}