{"team_name": "TESTteam", "set_name": "VAL", "report_date": "05062022_17_15_57", "overall_scores": {"precision": 0.4398148148148148, "recall": 0.28428927680798005, "fmeasure (percentage)": 34.535}, "scores_per_subset": {"HV": {"precision": 0.5172413793103449, "recall": 0.3333333333333333, "f-measure": 0.40540540540540543}, "PB": {"precision": 0.3825503355704698, "recall": 0.24782608695652175, "f-measure": 0.3007915567282322}}, "scores_per_audiofile": {"n1.wav": {"precision": 1e-05, "recall": 1e-05, "f-measure": 1e-05}, "a1.wav": {"precision": 0.5172413793103449, "recall": 0.6818181818181818, "f-measure": 0.5882352941176471}, "BUK4_20171022_004304a.wav": {"precision": 0.4375, "recall": 0.4117647058823529, "f-measure": 0.42424242424242425}, "BUK5_20180921_015906a.wav": {"precision": 1e-05, "recall": 1e-05, "f-measure": 1e-05}, "BUK1_20181011_001004.wav": {"precision": 0.5789473684210527, "recall": 0.3548387096774194, "f-measure": 0.44}, "BUK1_20181013_023504.wav": {"precision": 0.13043478260869565, "recall": 0.125, "f-measure": 0.1276595744680851}, "BUK4_20161011_000804.wav": {"precision": 0.17647058823529413, "recall": 0.06382978723404255, "f-measure": 0.09375}, "BUK5_20161101_002104a.wav": {"precision": 0.868421052631579, "recall": 0.375, "f-measure": 0.5238095238095238}}}