{"team_name": "TESTteam", "set_name": "VAL", "report_date": "04062022_17_44_15", "overall_scores": {"precision": 0.022741207290563517, "recall": 0.2688632619439868, "fmeasure (percentage)": 4.194}, "scores_per_subset": {"HV": {"precision": 0.6538461538461539, "recall": 0.37777777777777777, "f-measure": 0.4788732394366197}, "PB": {"precision": 0.011571841851494697, "recall": 0.20869565217391303, "f-measure": 0.0219278209227958}}, "scores_per_audiofile": {"n1.wav": {"precision": 1e-05, "recall": 1e-05, "f-measure": 1e-05}, "a1.wav": {"precision": 0.6538461538461539, "recall": 0.7727272727272727, "f-measure": 0.7083333333333334}, "BUK4_20171022_004304a.wav": {"precision": 0.3142857142857143, "recall": 0.6470588235294118, "f-measure": 0.4230769230769231}, "BUK5_20180921_015906a.wav": {"precision": 0.0017425939756036844, "recall": 0.30434782608695654, "f-measure": 0.0034653465346534654}, "BUK1_20181011_001004.wav": {"precision": 0.8181818181818182, "recall": 0.2903225806451613, "f-measure": 0.42857142857142855}, "BUK1_20181013_023504.wav": {"precision": 0.125, "recall": 0.16666666666666666, "f-measure": 0.14285714285714285}, "BUK4_20161011_000804.wav": {"precision": 0.02857142857142857, "recall": 0.02127659574468085, "f-measure": 0.024390243902439025}, "BUK5_20161101_002104a.wav": {"precision": 0.8888888888888888, "recall": 0.18181818181818182, "f-measure": 0.3018867924528302}}}