{"team_name": "TESTteam", "set_name": "VAL", "report_date": "04062022_21_09_12", "overall_scores": {"precision": 0.15692079940784603, "recall": 0.4796380090497737, "fmeasure (percentage)": 23.648}, "scores_per_subset": {"HV": {"precision": 0.5, "recall": 0.5, "f-measure": 0.5}, "PB": {"precision": 0.09306409130816505, "recall": 0.4608695652173913, "f-measure": 0.15485756026296568}}, "scores_per_audiofile": {"n1.wav": {"precision": 0.5, "recall": 0.05555555555555555, "f-measure": 0.1}, "a1.wav": {"precision": 0.5, "recall": 0.8636363636363636, "f-measure": 0.6333333333333333}, "BUK4_20171022_004304a.wav": {"precision": 0.5416666666666666, "recall": 0.7647058823529411, "f-measure": 0.6341463414634146}, "BUK5_20180921_015906a.wav": {"precision": 0.002285714285714286, "recall": 0.08695652173913043, "f-measure": 0.004454342984409799}, "BUK1_20181011_001004.wav": {"precision": 0.45454545454545453, "recall": 0.8064516129032258, "f-measure": 0.5813953488372093}, "BUK1_20181013_023504.wav": {"precision": 0.020833333333333332, "recall": 0.041666666666666664, "f-measure": 0.027777777777777776}, "BUK4_20161011_000804.wav": {"precision": 0.017241379310344827, "recall": 0.02127659574468085, "f-measure": 0.01904761904761905}, "BUK5_20161101_002104a.wav": {"precision": 0.810126582278481, "recall": 0.7272727272727273, "f-measure": 0.7664670658682635}}}