{"team_name": "TESTteam", "set_name": "VAL", "report_date": "03062022_15_09_06", "overall_scores": {"precision": 0.4633288227334235, "recall": 0.4030606238964097, "fmeasure (percentage)": 43.11}, "scores_per_subset": {"HV": {"precision": 0.6153846153846154, "recall": 0.35555555555555557, "f-measure": 0.4507042253521127}, "PB": {"precision": 0.3715277777777778, "recall": 0.4652173913043478, "f-measure": 0.41312741312741313}}, "scores_per_audiofile": {"n1.wav": {"precision": 1e-05, "recall": 1e-05, "f-measure": 1e-05}, "a1.wav": {"precision": 0.6153846153846154, "recall": 0.7272727272727273, "f-measure": 0.6666666666666666}, "BUK4_20171022_004304a.wav": {"precision": 0.56, "recall": 0.8235294117647058, "f-measure": 0.6666666666666666}, "BUK5_20180921_015906a.wav": {"precision": 1e-05, "recall": 1e-05, "f-measure": 1e-05}, "BUK1_20181011_001004.wav": {"precision": 0.3709677419354839, "recall": 0.7419354838709677, "f-measure": 0.4946236559139785}, "BUK1_20181013_023504.wav": {"precision": 0.043478260869565216, "recall": 0.08333333333333333, "f-measure": 0.05714285714285714}, "BUK4_20161011_000804.wav": {"precision": 0.0784313725490196, "recall": 0.0851063829787234, "f-measure": 0.08163265306122448}, "BUK5_20161101_002104a.wav": {"precision": 0.9696969696969697, "recall": 0.7272727272727273, "f-measure": 0.8311688311688312}}}