{"Epoch": 14, "Tra/ Loss": 0.13146714159078865, "Tra/ acc": 0.9552898559593348, "Val/ Loss": 0.09562318248762218, "Val/ acc": 0.9675362323937209, "_timestamp": 1654411455, "_runtime": 841, "_step": 14, "_wandb": {"runtime": 842}}