{"Epoch": 14, "Tra/ Loss": 0.01470391627474078, "Tra/ acc": 0.9949275384778562, "Val/ Loss": 0.025692244964654963, "Val/ acc": 0.9914492766062418, "_timestamp": 1654338331, "_runtime": 497, "_step": 14, "_wandb": {"runtime": 497}}