{"Epoch": 14, "Tra/ Loss": 4.124908805757329, "Tra/ acc": 0.9581400976664778, "Val/ Loss": 4.10657064638276, "Val/ acc": 0.9620289850062218, "_timestamp": 1654331999, "_runtime": 1110, "_step": 14, "_wandb": {"runtime": 1106}}