{"Epoch": 14, "Tra/ Loss": 0.036061088619912945, "Tra/ acc": 0.9873429973056351, "Val/ Loss": 0.055756719446567266, "Val/ acc": 0.9803623202918232, "_timestamp": 1654157377, "_runtime": 503, "_step": 14, "_wandb": {"runtime": 498}}